-- Provided data import script
TRUNCATE TABLE "jobs", "clients", "platingTypes", "jigs", "correspondenceLogs" CASCADE;

-- Clients
INSERT INTO "clients" (id, name) VALUES ('57547d68-c115-408c-b0cd-69edb49f81e7', '不明');
INSERT INTO "clients" (id, name) VALUES ('01fdc826-190e-49f8-aba0-ceb4b5b2f5b8', 'ｳﾁﾀﾞ');
INSERT INTO "clients" (id, name) VALUES ('3b7dae56-d110-4ce4-bb3d-e66823c83c7c', '出雲製作所');
INSERT INTO "clients" (id, name) VALUES ('88ae308e-4f5a-46f7-a783-6694374f6c43', 'ｱﾗｲﾊﾟｰﾂ');
INSERT INTO "clients" (id, name) VALUES ('6e129af8-b10f-4ae2-a99f-978ff84d30d1', 'ｶﾂﾗｼﾏ');
INSERT INTO "clients" (id, name) VALUES ('37c7e50b-2c7e-49a6-94e8-ea510b0671b7', 'ケーテーテック');
INSERT INTO "clients" (id, name) VALUES ('937a0651-ae95-4cdf-adf8-d5a26c10ccd1', '菊池工業所');
INSERT INTO "clients" (id, name) VALUES ('2d55c8be-0b8f-4bbb-af97-757fe4d8b476', '(有)葛三金属');
INSERT INTO "clients" (id, name) VALUES ('256e0998-8054-426c-a6b3-ed3479356550', '協立');
INSERT INTO "clients" (id, name) VALUES ('1e31a2e4-cc33-4835-8f33-ae48cad1c125', '三正工業');
INSERT INTO "clients" (id, name) VALUES ('506fc191-4974-4fd5-b8cd-c93f35120318', '㈱SPEC販売');
INSERT INTO "clients" (id, name) VALUES ('6e2fa68f-dce0-4b06-8a6c-8903fdfbe19b', '(有)杉田兄弟発条');
INSERT INTO "clients" (id, name) VALUES ('3d6e705b-1001-47e6-ad40-1056c6a49f20', 'ｾｲｺｰ');
INSERT INTO "clients" (id, name) VALUES ('2a403ef4-ea61-4f79-bd07-9dec3cc5491f', '㈱三協製作所');
INSERT INTO "clients" (id, name) VALUES ('cfcd9319-efa1-4e5f-b8b7-21806151ee53', 'ﾀｲｾｰﾃｸﾆｶ');
INSERT INTO "clients" (id, name) VALUES ('3a2d80a6-06e6-4bc7-84a3-a110c74ed7a8', '大東製作所');
INSERT INTO "clients" (id, name) VALUES ('01421bc8-8297-44e5-9e2a-fea8db32e50d', '翼工業');
INSERT INTO "clients" (id, name) VALUES ('4b3e0960-06f1-4e59-a827-70e69df48413', '東洋ｽﾌﾟﾘﾝｸﾞ');
INSERT INTO "clients" (id, name) VALUES ('adfb99fb-2155-48ff-ae55-d78b6d9b37ca', '東和製作所');
INSERT INTO "clients" (id, name) VALUES ('0aa7e681-cf2a-4143-a27a-21f949262adb', '常盤ｺﾞﾑ');
INSERT INTO "clients" (id, name) VALUES ('ae474612-ae78-49f9-887d-f2998460f81e', '東京鋲兼');
INSERT INTO "clients" (id, name) VALUES ('432e8ecb-5024-4dc6-b115-3c17c1b50a3d', '㈱武井製作所');
INSERT INTO "clients" (id, name) VALUES ('887f9935-2621-4cd1-a470-4f301d94cafe', 'ﾀｶﾔﾏ');
INSERT INTO "clients" (id, name) VALUES ('f0383b72-008b-4928-9405-d88465860c6b', '寺田金属');
INSERT INTO "clients" (id, name) VALUES ('d44f64f7-5b4b-4bb6-a6ad-8ee9b7ec5244', '中山製作所(千葉)');
INSERT INTO "clients" (id, name) VALUES ('62432c6f-d05b-4e29-a922-1724173fa230', 'ﾅﾍﾞ金属');
INSERT INTO "clients" (id, name) VALUES ('4a592853-5b2e-468e-9e13-8826e6322e7f', '日光ばね');
INSERT INTO "clients" (id, name) VALUES ('3b72d6fd-bf78-459f-93c4-36e80cfc63d9', 'ﾈｽﾃｯｸ');
INSERT INTO "clients" (id, name) VALUES ('b9126c2a-775d-4ef0-b8c5-6ac2f1fd008d', 'ﾊﾟｰﾂ精工営業');
INSERT INTO "clients" (id, name) VALUES ('2c8816ac-78ae-43b1-b41b-186f713cb9f4', '羽鳥産業');
INSERT INTO "clients" (id, name) VALUES ('07cae073-d9a1-4675-9887-05402fc38d8b', '三ヶ島製作所');
INSERT INTO "clients" (id, name) VALUES ('1667e9b0-191b-4680-9c36-24df64e5126b', 'ﾐｻﾄ製作所');
INSERT INTO "clients" (id, name) VALUES ('63452d6e-e941-4ba2-a7ba-e8d70409f523', '山本工場');
INSERT INTO "clients" (id, name) VALUES ('9a45534c-0656-44b1-b2f4-bd23241d95e0', 'ﾕｰﾜ');
INSERT INTO "clients" (id, name) VALUES ('bc9d6ce1-03fd-424b-a8fb-71a759122b4e', '佑和工業');

-- Plating Types
INSERT INTO "platingTypes" (id, name, "unitPrice", "costPerLot") VALUES ('70096a3a-919f-4975-b02b-86b3aa2a2f6e', '無電解ﾆｯｹﾙ', 0, 0);
INSERT INTO "platingTypes" (id, name, "unitPrice", "costPerLot") VALUES ('f3d1fb08-b386-40de-9b25-b0bfeb843a71', 'クローム', 0, 0);
INSERT INTO "platingTypes" (id, name, "unitPrice", "costPerLot") VALUES ('ce6ff2ed-fa75-48e7-aa01-ea8e6ee3788e', '三価黒ｸﾛﾍﾞｰｷﾝｸﾞ', 0, 0);
INSERT INTO "platingTypes" (id, name, "unitPrice", "costPerLot") VALUES ('7702eb26-b8f3-4b47-9bd8-9eb444be358d', '六価ｸﾛﾒｰﾄ(吊るし)', 0, 0);
INSERT INTO "platingTypes" (id, name, "unitPrice", "costPerLot") VALUES ('61f04ffc-8c75-46e2-9a11-ded19335317c', 'ﾆｯｹﾙ(吊るし)', 0, 0);
INSERT INTO "platingTypes" (id, name, "unitPrice", "costPerLot") VALUES ('1875764c-1bce-4f9b-a24f-87d7e06dee49', '六価ｸﾛｸﾛﾒｰﾄ', 0, 0);
INSERT INTO "platingTypes" (id, name, "unitPrice", "costPerLot") VALUES ('fed63f43-295e-4a5c-9282-c089268e3463', '三価ｸﾛﾒｰﾄ(吊るし)', 0, 0);
INSERT INTO "platingTypes" (id, name, "unitPrice", "costPerLot") VALUES ('b407092d-322c-49e6-8c71-bf1b5002af50', '三価ｸﾛｰﾑ(吊るし)', 0, 0);
INSERT INTO "platingTypes" (id, name, "unitPrice", "costPerLot") VALUES ('06b4e57c-3cfe-418f-ac24-1e82ad426906', 'ﾕﾆｸﾛ(吊るし)', 0, 0);
INSERT INTO "platingTypes" (id, name, "unitPrice", "costPerLot") VALUES ('cf944872-822c-4177-8e8c-427fb5169980', '半光沢ニッケル', 0, 0);
INSERT INTO "platingTypes" (id, name, "unitPrice", "costPerLot") VALUES ('95ff63bd-9810-43cb-a27f-4d5481376b41', 'ｼｮｯﾄ無光沢黒ﾆｯｹﾙ(吊るし)', 0, 0);
INSERT INTO "platingTypes" (id, name, "unitPrice", "costPerLot") VALUES ('e99dc1b4-691e-4aeb-9809-07d595306986', '黒Ni(吊るし)', 0, 0);
INSERT INTO "platingTypes" (id, name, "unitPrice", "costPerLot") VALUES ('c8015af0-4a9d-47b6-a68b-c92b6c9affc0', 'HBﾌﾞﾗｯｸ', 0, 0);
INSERT INTO "platingTypes" (id, name, "unitPrice", "costPerLot") VALUES ('1d955e4f-6ac4-4f95-823b-ee59afdbf5e3', '銅下Ni', 0, 0);
INSERT INTO "platingTypes" (id, name, "unitPrice", "costPerLot") VALUES ('81bdd790-15cb-4b68-9532-e603cbf08193', '三価クローム', 0, 0);

-- Jigs
INSERT INTO "jigs" (id, name, "totalQuantity") VALUES ('5e25551e-4298-43c3-b5f1-7db74931d589', '黄13', 0);
INSERT INTO "jigs" (id, name, "totalQuantity") VALUES ('368e772a-f38e-4f94-b687-9520c42f9fc5', '専用治具', 0);
INSERT INTO "jigs" (id, name, "totalQuantity") VALUES ('a281a895-ee41-4e4b-b706-d89b2461d45b', '6段', 0);
INSERT INTO "jigs" (id, name, "totalQuantity") VALUES ('77bf3c9e-4a04-4a53-8760-b4a994eb37d4', 'ﾈｼﾞ(小)', 0);
INSERT INTO "jigs" (id, name, "totalQuantity") VALUES ('69240032-bc3c-49e1-9fe6-9417a8ba307d', '13段', 0);
INSERT INTO "jigs" (id, name, "totalQuantity") VALUES ('f287c746-db91-41a1-98e9-5eb9b4071afa', '青13', 0);
INSERT INTO "jigs" (id, name, "totalQuantity") VALUES ('8442bd3f-72c6-4987-ad92-967fa46b8132', '赤13', 0);
INSERT INTO "jigs" (id, name, "totalQuantity") VALUES ('4298643c-6b68-4b2a-8527-029db9ec315a', '9段', 0);
INSERT INTO "jigs" (id, name, "totalQuantity") VALUES ('db376b62-9797-4211-b117-a0d0962beb9f', 'W6段', 0);
INSERT INTO "jigs" (id, name, "totalQuantity") VALUES ('ccfeb39e-c244-4ef5-a17a-59e9579da655', '19段', 0);
INSERT INTO "jigs" (id, name, "totalQuantity") VALUES ('504d6652-6eb8-43b0-a1e2-9531cb3ee937', '2段', 0);
INSERT INTO "jigs" (id, name, "totalQuantity") VALUES ('1ae133b5-39b7-4a0a-b072-3e168884c658', '10段', 0);
INSERT INTO "jigs" (id, name, "totalQuantity") VALUES ('88babb9b-f56e-4522-803e-c72790062ee3', '15段', 0);

-- Jobs
INSERT INTO "jobs" (id, "productName", "clientId", "platingTypeId", "jigId", quantity, "unitPrice", price, cost, status, "startDate", "deliveryDate", "createdAt", "updatedAt") VALUES ('dd712d86-ecd7-40fa-85f9-ff87e9520cfe', '[13140149]-A071 PSﾎﾙﾀﾞｰ 5箱', '57547d68-c115-408c-b0cd-69edb49f81e7', '70096a3a-919f-4975-b02b-86b3aa2a2f6e', '5e25551e-4298-43c3-b5f1-7db74931d589', 0, 1000.0, 0.0, 0, '受付', '2025-12-25', '2026-01-01', NOW(), NOW());
INSERT INTO "jobs" (id, "productName", "clientId", "platingTypeId", "jigId", quantity, "unitPrice", price, cost, status, "startDate", "deliveryDate", "createdAt", "updatedAt") VALUES ('da8689fa-27c9-4109-9370-8d76ceaa8096', '[ｳﾁﾀﾞ/13140159]-Z822 PLR3/8ﾊｳｼﾞﾝｸﾞ', '01fdc826-190e-49f8-aba0-ceb4b5b2f5b8', 'f3d1fb08-b386-40de-9b25-b0bfeb843a71', NULL, 0, 0.0, 0.0, 0, '受付', '2025-12-25', '2026-01-01', NOW(), NOW());
INSERT INTO "jobs" (id, "productName", "clientId", "platingTypeId", "jigId", quantity, "unitPrice", price, cost, status, "startDate", "deliveryDate", "createdAt", "updatedAt") VALUES ('17345e89-542a-4994-952d-a5ce05ca7b0c', '[ｳﾁﾀﾞ/13140108]-RPS-1受圧部ｼﾘﾝﾀﾞｰ', '01fdc826-190e-49f8-aba0-ceb4b5b2f5b8', 'f3d1fb08-b386-40de-9b25-b0bfeb843a71', NULL, 0, 0.0, 0.0, 0, '受付', '2025-12-25', '2026-01-01', NOW(), NOW());
INSERT INTO "jobs" (id, "productName", "clientId", "platingTypeId", "jigId", quantity, "unitPrice", price, cost, status, "startDate", "deliveryDate", "createdAt", "updatedAt") VALUES ('135aedd9-6dbe-41c7-a7a6-9967eade9a7a', '［出雲製作所/12180013」8900外筒-1日必達治具数[値なし]', '3b7dae56-d110-4ce4-bb3d-e66823c83c7c', NULL, NULL, 0, 0.0, 0.0, 0, '受付', '2025-12-25', '2026-01-01', NOW(), NOW());
INSERT INTO "jobs" (id, "productName", "clientId", "platingTypeId", "jigId", quantity, "unitPrice", price, cost, status, "startDate", "deliveryDate", "createdAt", "updatedAt") VALUES ('a31d7222-5999-4cba-9bdd-bf0d443fcee0', '[ｱﾗｲﾊﾟｰﾂ/11280002]-T6N-5132A-3000 PIN', '88ae308e-4f5a-46f7-a783-6694374f6c43', 'f3d1fb08-b386-40de-9b25-b0bfeb843a71', '368e772a-f38e-4f94-b687-9520c42f9fc5', 1500, 0.0, 0.0, 0, '受付', '2025-12-25', '2026-01-01', NOW(), NOW());
INSERT INTO "jobs" (id, "productName", "clientId", "platingTypeId", "jigId", quantity, "unitPrice", price, cost, status, "startDate", "deliveryDate", "createdAt", "updatedAt") VALUES ('f9d6d811-d8b4-4761-9b02-3d7cbd43aa18', '[ｳﾁﾀﾞ/13140160]-Z821 PL内圧R3/8ﾊｳｼﾞﾝｸﾞ', '01fdc826-190e-49f8-aba0-ceb4b5b2f5b8', 'f3d1fb08-b386-40de-9b25-b0bfeb843a71', 'a281a895-ee41-4e4b-b706-d89b2461d45b', 1000, 0.0, 0.0, 0, '受付', '2025-12-25', '2026-01-01', NOW(), NOW());
INSERT INTO "jobs" (id, "productName", "clientId", "platingTypeId", "jigId", quantity, "unitPrice", price, cost, status, "startDate", "deliveryDate", "createdAt", "updatedAt") VALUES ('306a902d-822c-4821-9fb9-746dc97bfe36', '[ｳﾁﾀﾞ/13140303]-ﾊﾟｲﾌﾟ 9.5*90*5/0', '01fdc826-190e-49f8-aba0-ceb4b5b2f5b8', 'f3d1fb08-b386-40de-9b25-b0bfeb843a71', NULL, 4800, 0.0, 0.0, 0, '受付', '2025-12-25', '2026-01-01', NOW(), NOW());
INSERT INTO "jobs" (id, "productName", "clientId", "platingTypeId", "jigId", quantity, "unitPrice", price, cost, status, "startDate", "deliveryDate", "createdAt", "updatedAt") VALUES ('6ff17986-4b41-493f-8566-30fe84aa1a4a', '［ｳﾁﾀﾞ/13140277〕-ｼｬｰｼ押えﾊﾞﾈ-1日必達治具数[値なし]', '01fdc826-190e-49f8-aba0-ceb4b5b2f5b8', 'ce6ff2ed-fa75-48e7-aa01-ea8e6ee3788e', NULL, 1000, 0.0, 0.0, 0, '受付', '2025-12-25', '2026-01-01', NOW(), NOW());
INSERT INTO "jobs" (id, "productName", "clientId", "platingTypeId", "jigId", quantity, "unitPrice", price, cost, status, "startDate", "deliveryDate", "createdAt", "updatedAt") VALUES ('29a5f3fd-1a1c-4f07-b77f-abf5026acb32', '[ｶﾂﾗｼﾏ/21280023]-G350368-2 ｻｻｴｲﾀ', '6e129af8-b10f-4ae2-a99f-978ff84d30d1', '7702eb26-b8f3-4b47-9bd8-9eb444be358d', NULL, 0, 0.0, 0.0, 0, '受付', '2025-12-25', '2026-01-01', NOW(), NOW());
INSERT INTO "jobs" (id, "productName", "clientId", "platingTypeId", "jigId", quantity, "unitPrice", price, cost, status, "startDate", "deliveryDate", "createdAt", "updatedAt") VALUES ('36020aa6-e6b3-4912-9b4d-8028f2300e1e', '[ｶﾂﾗｼﾏ/21280023]-G350368-2 ｻｻｴｲﾀ -1日必達治具数[値なし]', '6e129af8-b10f-4ae2-a99f-978ff84d30d1', '7702eb26-b8f3-4b47-9bd8-9eb444be358d', NULL, 0, 0.0, 0.0, 0, '受付', '2025-12-25', '2026-01-01', NOW(), NOW());
INSERT INTO "jobs" (id, "productName", "clientId", "platingTypeId", "jigId", quantity, "unitPrice", price, cost, status, "startDate", "deliveryDate", "createdAt", "updatedAt") VALUES ('92c9956b-2089-41a9-9cea-14d983e8dc4a', '[ｶﾂﾗｼﾏ/21280023]-G350368-2 ｻｻｴｲﾀ', '6e129af8-b10f-4ae2-a99f-978ff84d30d1', '7702eb26-b8f3-4b47-9bd8-9eb444be358d', NULL, 0, 0.0, 0.0, 0, '受付', '2025-12-25', '2026-01-01', NOW(), NOW());
INSERT INTO "jobs" (id, "productName", "clientId", "platingTypeId", "jigId", quantity, "unitPrice", price, cost, status, "startDate", "deliveryDate", "createdAt", "updatedAt") VALUES ('d53787b1-d24a-4803-ab2a-0faaecd8c6ec', '[ｶﾂﾗｼﾏ/21280023]-[ｶﾂﾗｼﾏ/21280023]-G350368-2 ｻｻｴｲﾀ の複製-1日必達治具数[値なし]', '6e129af8-b10f-4ae2-a99f-978ff84d30d1', '7702eb26-b8f3-4b47-9bd8-9eb444be358d', NULL, 0, 0.0, 0.0, 0, '受付', '2025-12-25', '2026-01-01', NOW(), NOW());
INSERT INTO "jobs" (id, "productName", "clientId", "platingTypeId", "jigId", quantity, "unitPrice", price, cost, status, "startDate", "deliveryDate", "createdAt", "updatedAt") VALUES ('9f717e9a-c5a6-46ed-8852-ce1c18183313', '[ｶﾂﾗｼﾏ/21280021]-G250527 ｲﾀ', '6e129af8-b10f-4ae2-a99f-978ff84d30d1', '7702eb26-b8f3-4b47-9bd8-9eb444be358d', NULL, 0, 0.0, 0.0, 0, '受付', '2025-12-25', '2026-01-01', NOW(), NOW());
INSERT INTO "jobs" (id, "productName", "clientId", "platingTypeId", "jigId", quantity, "unitPrice", price, cost, status, "startDate", "deliveryDate", "createdAt", "updatedAt") VALUES ('aa78ed9c-76a1-409f-b22c-90ba51322c5a', '[ｶﾂﾗｼﾏ/21280021]-G250527 ｲﾀ', '6e129af8-b10f-4ae2-a99f-978ff84d30d1', '7702eb26-b8f3-4b47-9bd8-9eb444be358d', NULL, 0, 0.0, 0.0, 0, '受付', '2025-12-25', '2026-01-01', NOW(), NOW());
INSERT INTO "jobs" (id, "productName", "clientId", "platingTypeId", "jigId", quantity, "unitPrice", price, cost, status, "startDate", "deliveryDate", "createdAt", "updatedAt") VALUES ('a78fbe36-763a-4a8a-a3c4-3b53fa7f47b3', '[ｶﾂﾗｼﾏ/21280030]-G250564　ｵｻｴｲﾀ', '6e129af8-b10f-4ae2-a99f-978ff84d30d1', '7702eb26-b8f3-4b47-9bd8-9eb444be358d', NULL, 0, 0.0, 0.0, 0, '受付', '2025-12-25', '2026-01-01', NOW(), NOW());
INSERT INTO "jobs" (id, "productName", "clientId", "platingTypeId", "jigId", quantity, "unitPrice", price, cost, status, "startDate", "deliveryDate", "createdAt", "updatedAt") VALUES ('f71c3162-23d4-4e3d-b911-40b83abfe908', '[ｶﾂﾗｼﾏ/21280022]-G250536 ｲﾀ', '6e129af8-b10f-4ae2-a99f-978ff84d30d1', '7702eb26-b8f3-4b47-9bd8-9eb444be358d', NULL, 0, 0.0, 0.0, 0, '受付', '2025-12-25', '2026-01-01', NOW(), NOW());
INSERT INTO "jobs" (id, "productName", "clientId", "platingTypeId", "jigId", quantity, "unitPrice", price, cost, status, "startDate", "deliveryDate", "createdAt", "updatedAt") VALUES ('a49db98e-9960-4800-b2df-3c0abad01cf1', '[ｶﾂﾗｼﾏ/21280024]-G350369-2 ｻｻｴｲﾀ', '6e129af8-b10f-4ae2-a99f-978ff84d30d1', '7702eb26-b8f3-4b47-9bd8-9eb444be358d', NULL, 0, 0.0, 0.0, 0, '受付', '2025-12-25', '2026-01-01', NOW(), NOW());
INSERT INTO "jobs" (id, "productName", "clientId", "platingTypeId", "jigId", quantity, "unitPrice", price, cost, status, "startDate", "deliveryDate", "createdAt", "updatedAt") VALUES ('7168d313-c201-41f4-83ba-54fb298fee74', '[ｶﾂﾗｼﾏ/21280020]-G271721-1 ｼｬﾌﾄ8φ穴用', '6e129af8-b10f-4ae2-a99f-978ff84d30d1', '7702eb26-b8f3-4b47-9bd8-9eb444be358d', NULL, 0, 0.0, 0.0, 0, '受付', '2025-12-25', '2026-01-01', NOW(), NOW());
INSERT INTO "jobs" (id, "productName", "clientId", "platingTypeId", "jigId", quantity, "unitPrice", price, cost, status, "startDate", "deliveryDate", "createdAt", "updatedAt") VALUES ('63ad2d7f-a2c8-4535-9983-245c0c228092', '[ｶﾂﾗｼﾏ/21280027]-G350354_ｻｻｴｲﾀ', '6e129af8-b10f-4ae2-a99f-978ff84d30d1', '7702eb26-b8f3-4b47-9bd8-9eb444be358d', NULL, 0, 0.0, 0.0, 0, '受付', '2025-12-25', '2026-01-01', NOW(), NOW());
INSERT INTO "jobs" (id, "productName", "clientId", "platingTypeId", "jigId", quantity, "unitPrice", price, cost, status, "startDate", "deliveryDate", "createdAt", "updatedAt") VALUES ('354e948f-e4b7-4e24-97ae-47b3d0fd01a1', '[ｶﾂﾗｼﾏ/21280028]-G350355_ｻｻｴｲﾀ-1日必達治具数[値なし]', '6e129af8-b10f-4ae2-a99f-978ff84d30d1', '7702eb26-b8f3-4b47-9bd8-9eb444be358d', NULL, 359, 0.0, 0.0, 0, '受付', '2025-12-25', '2026-01-01', NOW(), NOW());
INSERT INTO "jobs" (id, "productName", "clientId", "platingTypeId", "jigId", quantity, "unitPrice", price, cost, status, "startDate", "deliveryDate", "createdAt", "updatedAt") VALUES ('dc4d4163-ad2a-4732-8482-c31e7e2a896f', '[ｶﾂﾗｼﾏ/21280025]-G271625_ｼｬﾌﾄ4φ-1日必達治具数[値なし]', '6e129af8-b10f-4ae2-a99f-978ff84d30d1', '7702eb26-b8f3-4b47-9bd8-9eb444be358d', NULL, 230, 0.0, 0.0, 0, '受付', '2025-12-25', '2026-01-01', NOW(), NOW());
INSERT INTO "jobs" (id, "productName", "clientId", "platingTypeId", "jigId", quantity, "unitPrice", price, cost, status, "startDate", "deliveryDate", "createdAt", "updatedAt") VALUES ('a95fdcf1-4cee-459e-b98e-32bc85e72e8d', '[ケーテーテック/24040655]-PE013 酸素継手(C)', '37c7e50b-2c7e-49a6-94e8-ea510b0671b7', '61f04ffc-8c75-46e2-9a11-ded19335317c', NULL, 0, 0.0, 0.0, 0, '受付', '2025-12-25', '2026-01-01', NOW(), NOW());
INSERT INTO "jobs" (id, "productName", "clientId", "platingTypeId", "jigId", quantity, "unitPrice", price, cost, status, "startDate", "deliveryDate", "createdAt", "updatedAt") VALUES ('b001efd2-80de-407f-9b8f-44b8c43c2822', '[ケーテーテック/24040572]-0C462561 加湿ﾋﾞﾝ用継手', '37c7e50b-2c7e-49a6-94e8-ea510b0671b7', 'f3d1fb08-b386-40de-9b25-b0bfeb843a71', NULL, 0, 0.0, 0.0, 0, '受付', '2025-12-25', '2026-01-01', NOW(), NOW());
INSERT INTO "jobs" (id, "productName", "clientId", "platingTypeId", "jigId", quantity, "unitPrice", price, cost, status, "startDate", "deliveryDate", "createdAt", "updatedAt") VALUES ('36ced72f-89b3-439c-8fc9-10f800265a9d', '[ケーテーテック/24041345]-HFS-291-065ﾛｰﾗ', '37c7e50b-2c7e-49a6-94e8-ea510b0671b7', 'f3d1fb08-b386-40de-9b25-b0bfeb843a71', NULL, 0, 0.0, 0.0, 0, '受付', '2025-12-25', '2026-01-01', NOW(), NOW());
INSERT INTO "jobs" (id, "productName", "clientId", "platingTypeId", "jigId", quantity, "unitPrice", price, cost, status, "startDate", "deliveryDate", "createdAt", "updatedAt") VALUES ('05c0e04b-63f9-4399-83f5-d3669fdf29aa', '小島製作所　2510002ﾌﾟﾗﾝｼﾞｰ', '57547d68-c115-408c-b0cd-69edb49f81e7', 'f3d1fb08-b386-40de-9b25-b0bfeb843a71', NULL, 0, 0.0, 0.0, 0, '受付', '2025-12-25', '2026-01-01', NOW(), NOW());
INSERT INTO "jobs" (id, "productName", "clientId", "platingTypeId", "jigId", quantity, "unitPrice", price, cost, status, "startDate", "deliveryDate", "createdAt", "updatedAt") VALUES ('1c86704d-bb07-40b3-bbd3-8afff07f470c', '(有)菊池工業所　8φ*65　130-1日必達治具数[値なし]-1日必達治具数[値なし]', '937a0651-ae95-4cdf-adf8-d5a26c10ccd1', '1875764c-1bce-4f9b-a24f-87d7e06dee49', NULL, 900, 0.0, 0.0, 0, '受付', '2025-12-25', '2026-01-01', NOW(), NOW());
INSERT INTO "jobs" (id, "productName", "clientId", "platingTypeId", "jigId", quantity, "unitPrice", price, cost, status, "startDate", "deliveryDate", "createdAt", "updatedAt") VALUES ('09e14d74-c3d4-41c1-9b32-d76b511ac478', '［ケーテーテック/24040020〕-R-2803Y-034-05金属ワッシャー-1日必達治具数[値なし]', '37c7e50b-2c7e-49a6-94e8-ea510b0671b7', 'fed63f43-295e-4a5c-9282-c089268e3463', NULL, 404, 0.0, 0.0, 0, '受付', '2025-12-25', '2026-01-01', NOW(), NOW());
INSERT INTO "jobs" (id, "productName", "clientId", "platingTypeId", "jigId", quantity, "unitPrice", price, cost, status, "startDate", "deliveryDate", "createdAt", "updatedAt") VALUES ('ad03d28b-f1ea-47d7-a45a-44cceff4350a', '[ケーテーテック/24040439]-BFCA-6D-809A TCF500 ｹｰｼﾝｸﾞｴﾝﾄﾞｷｬｯﾌﾟ-1日必達治具数[値なし]', '37c7e50b-2c7e-49a6-94e8-ea510b0671b7', '61f04ffc-8c75-46e2-9a11-ded19335317c', NULL, 1000, 0.0, 0.0, 0, '受付', '2025-12-25', '2026-01-01', NOW(), NOW());
INSERT INTO "jobs" (id, "productName", "clientId", "platingTypeId", "jigId", quantity, "unitPrice", price, cost, status, "startDate", "deliveryDate", "createdAt", "updatedAt") VALUES ('02055ed9-6ae0-4484-889c-1f0229ab7812', '[ケーテーテック/24040439]-BFCA-6D-809A TCF500 ｹｰｼﾝｸﾞｴﾝﾄﾞｷｬｯﾌﾟ の複製', '37c7e50b-2c7e-49a6-94e8-ea510b0671b7', '61f04ffc-8c75-46e2-9a11-ded19335317c', NULL, 1000, 0.0, 0.0, 0, '受付', '2025-12-25', '2026-01-01', NOW(), NOW());
INSERT INTO "jobs" (id, "productName", "clientId", "platingTypeId", "jigId", quantity, "unitPrice", price, cost, status, "startDate", "deliveryDate", "createdAt", "updatedAt") VALUES ('a5ad89a9-7460-4d42-bc4f-db82dacd0e1b', '〔(有)葛三金属/21010213〕-336ﾀﾃ管棒ﾅｼ-1日必達治具数[値なし]', '2d55c8be-0b8f-4bbb-af97-757fe4d8b476', 'f3d1fb08-b386-40de-9b25-b0bfeb843a71', '77bf3c9e-4a04-4a53-8760-b4a994eb37d4', 3053, 0.0, 0.0, 0, '受付', '2025-12-25', '2026-01-01', NOW(), NOW());
INSERT INTO "jobs" (id, "productName", "clientId", "platingTypeId", "jigId", quantity, "unitPrice", price, cost, status, "startDate", "deliveryDate", "createdAt", "updatedAt") VALUES ('c409379c-0d7c-4fc5-b210-8d5305a72951', '[葛三金属/21010090]-336ﾀﾃ管棒ｱﾘ', '2d55c8be-0b8f-4bbb-af97-757fe4d8b476', 'f3d1fb08-b386-40de-9b25-b0bfeb843a71', '77bf3c9e-4a04-4a53-8760-b4a994eb37d4', 3000, 0.0, 0.0, 0, '受付', '2025-12-25', '2026-01-01', NOW(), NOW());
INSERT INTO "jobs" (id, "productName", "clientId", "platingTypeId", "jigId", quantity, "unitPrice", price, cost, status, "startDate", "deliveryDate", "createdAt", "updatedAt") VALUES ('17e9dc4e-0989-473e-ba4b-5c19ead8b736', '[協立/22040370］EMﾗｯｸ PB-6A-1日必達治具数[値なし]', '256e0998-8054-426c-a6b3-ed3479356550', 'f3d1fb08-b386-40de-9b25-b0bfeb843a71', '69240032-bc3c-49e1-9fe6-9417a8ba307d', 512, 0.0, 0.0, 0, '受付', '2025-12-25', '2026-01-01', NOW(), NOW());
INSERT INTO "jobs" (id, "productName", "clientId", "platingTypeId", "jigId", quantity, "unitPrice", price, cost, status, "startDate", "deliveryDate", "createdAt", "updatedAt") VALUES ('92e08695-4fed-48c9-a042-77d38f8b08df', '[三正工業/31380020]-562209440 TA ﾁｮｳｾｲｿｳﾁ-1日必達治具数[値なし]', '1e31a2e4-cc33-4835-8f33-ae48cad1c125', 'fed63f43-295e-4a5c-9282-c089268e3463', NULL, 2016, 0.0, 0.0, 0, '受付', '2025-12-25', '2026-01-01', NOW(), NOW());
INSERT INTO "jobs" (id, "productName", "clientId", "platingTypeId", "jigId", quantity, "unitPrice", price, cost, status, "startDate", "deliveryDate", "createdAt", "updatedAt") VALUES ('d701e660-8a74-4426-b394-83a9512f85e5', '[三正工業/31380015]-562180709 TA ﾁｮｳｾｲｿｳﾁ', '1e31a2e4-cc33-4835-8f33-ae48cad1c125', 'fed63f43-295e-4a5c-9282-c089268e3463', NULL, 0, 0.0, 0.0, 0, '受付', '2025-12-25', '2026-01-01', NOW(), NOW());
INSERT INTO "jobs" (id, "productName", "clientId", "platingTypeId", "jigId", quantity, "unitPrice", price, cost, status, "startDate", "deliveryDate", "createdAt", "updatedAt") VALUES ('3b3f8c01-b847-4617-92a5-cd4ac8bb07cb', '[三正工業/31380001]-21011-30565 ｷｬｯﾌﾟｽｸﾘｭｳ-1日必達治具数[値なし]', '1e31a2e4-cc33-4835-8f33-ae48cad1c125', 'fed63f43-295e-4a5c-9282-c089268e3463', NULL, 800, 0.0, 0.0, 0, '受付', '2025-12-25', '2026-01-01', NOW(), NOW());
INSERT INTO "jobs" (id, "productName", "clientId", "platingTypeId", "jigId", quantity, "unitPrice", price, cost, status, "startDate", "deliveryDate", "createdAt", "updatedAt") VALUES ('ce1f0811-0eaf-45ef-b170-b484e2f143f2', '[三正工業/31380030]-696888 MAｼｬﾌﾄ-1日必達治具数[値なし]', '1e31a2e4-cc33-4835-8f33-ae48cad1c125', 'fed63f43-295e-4a5c-9282-c089268e3463', NULL, 810, 0.0, 0.0, 0, '受付', '2025-12-25', '2026-01-01', NOW(), NOW());
INSERT INTO "jobs" (id, "productName", "clientId", "platingTypeId", "jigId", quantity, "unitPrice", price, cost, status, "startDate", "deliveryDate", "createdAt", "updatedAt") VALUES ('687e787e-c07c-4e4c-b06b-153f3e9f43ff', '[三正工業/31380032]-YR3360012-1 KS ｽﾌﾟｰﾙ(1)-1日必達治具数[値なし]', '1e31a2e4-cc33-4835-8f33-ae48cad1c125', 'fed63f43-295e-4a5c-9282-c089268e3463', NULL, 810, 0.0, 0.0, 0, '受付', '2025-12-25', '2026-01-01', NOW(), NOW());
INSERT INTO "jobs" (id, "productName", "clientId", "platingTypeId", "jigId", quantity, "unitPrice", price, cost, status, "startDate", "deliveryDate", "createdAt", "updatedAt") VALUES ('fa591343-b9bf-41a8-b6b7-bd28017b6fee', '［SPEC販売/33200035-SUS27mm7.5巻-1日必達治具数[値なし]', '506fc191-4974-4fd5-b8cd-c93f35120318', '1875764c-1bce-4f9b-a24f-87d7e06dee49', NULL, 1000, 0.0, 0.0, 0, '受付', '2025-12-25', '2026-01-01', NOW(), NOW());
INSERT INTO "jobs" (id, "productName", "clientId", "platingTypeId", "jigId", quantity, "unitPrice", price, cost, status, "startDate", "deliveryDate", "createdAt", "updatedAt") VALUES ('0bbed7c8-de90-4b04-9c79-f97ddd593c85', '［SPEC販売/33200036-SUS27mm8.0巻-1日必達治具数[値なし]-1日必達治具数[値なし]', '506fc191-4974-4fd5-b8cd-c93f35120318', '1875764c-1bce-4f9b-a24f-87d7e06dee49', NULL, 1000, 0.0, 0.0, 0, '受付', '2025-12-25', '2026-01-01', NOW(), NOW());
INSERT INTO "jobs" (id, "productName", "clientId", "platingTypeId", "jigId", quantity, "unitPrice", price, cost, status, "startDate", "deliveryDate", "createdAt", "updatedAt") VALUES ('248f1699-2287-4f18-8f8c-9740ac30e50e', '［杉田兄弟発条/33010161ﾌﾟﾚｯｼｬｰ-1日必達治具数[値なし]', '6e2fa68f-dce0-4b06-8a6c-8903fdfbe19b', '1875764c-1bce-4f9b-a24f-87d7e06dee49', NULL, 949, 0.0, 0.0, 0, '受付', '2025-12-25', '2026-01-01', NOW(), NOW());
INSERT INTO "jobs" (id, "productName", "clientId", "platingTypeId", "jigId", quantity, "unitPrice", price, cost, status, "startDate", "deliveryDate", "createdAt", "updatedAt") VALUES ('6093637f-db4c-44e4-8983-87f1b5a202b4', '［三正工業/31380042〕-00-0063902 KA WASHER（28909-10670)-1日必達治具数[値なし]', '1e31a2e4-cc33-4835-8f33-ae48cad1c125', 'fed63f43-295e-4a5c-9282-c089268e3463', NULL, 1008, 0.0, 0.0, 0, '受付', '2025-12-25', '2026-01-01', NOW(), NOW());
INSERT INTO "jobs" (id, "productName", "clientId", "platingTypeId", "jigId", quantity, "unitPrice", price, cost, status, "startDate", "deliveryDate", "createdAt", "updatedAt") VALUES ('1e5e3950-6188-4f4b-bda6-2cd430e2e87b', '［ｾｲｺｰ/34110003〕-EV-DOUOOO-M010-5D0電極部品ｶｿｰﾄﾞﾀｰﾐﾅﾙ-1日必達治具数[値なし]-1日必達治具数[値なし]-1日必達治具数[値なし]', '3d6e705b-1001-47e6-ad40-1056c6a49f20', 'f3d1fb08-b386-40de-9b25-b0bfeb843a71', NULL, 1236, 0.0, 0.0, 0, '受付', '2025-12-25', '2026-01-01', NOW(), NOW());
INSERT INTO "jobs" (id, "productName", "clientId", "platingTypeId", "jigId", quantity, "unitPrice", price, cost, status, "startDate", "deliveryDate", "createdAt", "updatedAt") VALUES ('cc446601-0dfb-4f70-934d-df5c90b99225', '[杉田兄弟発條/33010164]-2356M8101 電池接点(-)-1日必達治具数[値なし]', '6e2fa68f-dce0-4b06-8a6c-8903fdfbe19b', '61f04ffc-8c75-46e2-9a11-ded19335317c', NULL, 1500, 0.0, 0.0, 0, '受付', '2025-12-25', '2026-01-01', NOW(), NOW());
INSERT INTO "jobs" (id, "productName", "clientId", "platingTypeId", "jigId", quantity, "unitPrice", price, cost, status, "startDate", "deliveryDate", "createdAt", "updatedAt") VALUES ('0e49ab18-707f-41c3-b529-897d9a2b0827', '[杉田兄弟発條/33010164]-2356M8101 電池接点(-) の複製', '6e2fa68f-dce0-4b06-8a6c-8903fdfbe19b', '61f04ffc-8c75-46e2-9a11-ded19335317c', NULL, 1500, 0.0, 0.0, 0, '受付', '2025-12-25', '2026-01-01', NOW(), NOW());
INSERT INTO "jobs" (id, "productName", "clientId", "platingTypeId", "jigId", quantity, "unitPrice", price, cost, status, "startDate", "deliveryDate", "createdAt", "updatedAt") VALUES ('c57ba7a0-e02d-4191-aa78-5986c8cf5bb7', '[三正工業/31380002〕-562429130TA ｷｬｯﾌﾟﾀﾝｸ-1日必達治具数[値なし]', '1e31a2e4-cc33-4835-8f33-ae48cad1c125', 'fed63f43-295e-4a5c-9282-c089268e3463', NULL, 249, 0.0, 0.0, 0, '受付', '2025-12-25', '2026-01-01', NOW(), NOW());
INSERT INTO "jobs" (id, "productName", "clientId", "platingTypeId", "jigId", quantity, "unitPrice", price, cost, status, "startDate", "deliveryDate", "createdAt", "updatedAt") VALUES ('7f581694-ab61-4d36-8246-af67f9e16143', '〔三協製作所/31110101〕-(09)YCP147628-CRP', '2a403ef4-ea61-4f79-bd07-9dec3cc5491f', 'f3d1fb08-b386-40de-9b25-b0bfeb843a71', '5e25551e-4298-43c3-b5f1-7db74931d589', 2000, 0.0, 0.0, 0, '受付', '2025-12-25', '2026-01-01', NOW(), NOW());
INSERT INTO "jobs" (id, "productName", "clientId", "platingTypeId", "jigId", quantity, "unitPrice", price, cost, status, "startDate", "deliveryDate", "createdAt", "updatedAt") VALUES ('e3970123-a049-4219-9045-7226b17842b0', '[ﾀｲｾｰﾃｸﾆｶ/41010585]-出口継手', 'cfcd9319-efa1-4e5f-b8b7-21806151ee53', 'f3d1fb08-b386-40de-9b25-b0bfeb843a71', 'f287c746-db91-41a1-98e9-5eb9b4071afa', 1000, 0.0, 0.0, 0, '受付', '2025-12-25', '2026-01-01', NOW(), NOW());
INSERT INTO "jobs" (id, "productName", "clientId", "platingTypeId", "jigId", quantity, "unitPrice", price, cost, status, "startDate", "deliveryDate", "createdAt", "updatedAt") VALUES ('d7ec2814-370d-46b3-afab-3a1cb6f97821', '[大東製作所/41050010]-胴ｱﾝｸﾞﾙ25A(04052601)', '3a2d80a6-06e6-4bc7-84a3-a110c74ed7a8', 'f3d1fb08-b386-40de-9b25-b0bfeb843a71', NULL, 0, 0.0, 0.0, 0, '受付', '2025-12-25', '2026-01-01', NOW(), NOW());
INSERT INTO "jobs" (id, "productName", "clientId", "platingTypeId", "jigId", quantity, "unitPrice", price, cost, status, "startDate", "deliveryDate", "createdAt", "updatedAt") VALUES ('b2cd04d1-6bc2-4590-8271-3f0789be7a23', '[翼工業/43040002]-ｽﾓｰﾙﾎﾞｱ', '01421bc8-8297-44e5-9e2a-fea8db32e50d', 'f3d1fb08-b386-40de-9b25-b0bfeb843a71', '8442bd3f-72c6-4987-ad92-967fa46b8132', 6000, 0.0, 0.0, 0, '受付', '2025-12-25', '2026-01-01', NOW(), NOW());
INSERT INTO "jobs" (id, "productName", "clientId", "platingTypeId", "jigId", quantity, "unitPrice", price, cost, status, "startDate", "deliveryDate", "createdAt", "updatedAt") VALUES ('43002f3c-3cfc-44c8-82a4-57df67376015', '数量チェック完了', '57547d68-c115-408c-b0cd-69edb49f81e7', NULL, NULL, 0, 0.0, 0.0, 0, '受付', '2025-12-25', '2026-01-01', NOW(), NOW());
INSERT INTO "jobs" (id, "productName", "clientId", "platingTypeId", "jigId", quantity, "unitPrice", price, cost, status, "startDate", "deliveryDate", "createdAt", "updatedAt") VALUES ('4de1b9b1-64eb-44d0-aeb6-3b238f27888b', '[東洋ｽﾌﾟﾘﾝｸﾞ/45020224]-D14-WA2W-15 WA2Wｶﾊﾞｰ-1日必達治具数[値なし]', '4b3e0960-06f1-4e59-a827-70e69df48413', '61f04ffc-8c75-46e2-9a11-ded19335317c', NULL, 4000, 0.0, 0.0, 0, '受付', '2025-12-25', '2026-01-01', NOW(), NOW());
INSERT INTO "jobs" (id, "productName", "clientId", "platingTypeId", "jigId", quantity, "unitPrice", price, cost, status, "startDate", "deliveryDate", "createdAt", "updatedAt") VALUES ('40941d7d-e286-41c9-bc0e-135ef778db18', '[東洋ｽﾌﾟﾘﾝｸﾞ/45020224]-D14-WA2W-15 WA2Wｶﾊﾞｰ の複製', '4b3e0960-06f1-4e59-a827-70e69df48413', '61f04ffc-8c75-46e2-9a11-ded19335317c', NULL, 4000, 0.0, 0.0, 0, '受付', '2025-12-25', '2026-01-01', NOW(), NOW());
INSERT INTO "jobs" (id, "productName", "clientId", "platingTypeId", "jigId", quantity, "unitPrice", price, cost, status, "startDate", "deliveryDate", "createdAt", "updatedAt") VALUES ('44cfb897-d9de-4ceb-8781-ff83e74d3288', '[東和製作所/45250051]-ｱｳﾄﾘｶﾞｰｱｰﾑ', 'adfb99fb-2155-48ff-ae55-d78b6d9b37ca', '7702eb26-b8f3-4b47-9bd8-9eb444be358d', NULL, 0, 0.0, 0.0, 0, '受付', '2025-12-25', '2026-01-01', NOW(), NOW());
INSERT INTO "jobs" (id, "productName", "clientId", "platingTypeId", "jigId", quantity, "unitPrice", price, cost, status, "startDate", "deliveryDate", "createdAt", "updatedAt") VALUES ('4dc9df78-79b2-4222-9c36-96a7ac86826c', '[常盤ｺﾞﾑ/45340001]-IHI防振ｺﾞﾑ', '0aa7e681-cf2a-4143-a27a-21f949262adb', '7702eb26-b8f3-4b47-9bd8-9eb444be358d', NULL, 0, 0.0, 0.0, 0, '受付', '2025-12-25', '2026-01-01', NOW(), NOW());
INSERT INTO "jobs" (id, "productName", "clientId", "platingTypeId", "jigId", quantity, "unitPrice", price, cost, status, "startDate", "deliveryDate", "createdAt", "updatedAt") VALUES ('8295d8b0-9399-4a82-8fc4-d4179c1325be', '[東京鋲兼/45300039]-SUM24L NUT-GROUND', 'ae474612-ae78-49f9-887d-f2998460f81e', 'fed63f43-295e-4a5c-9282-c089268e3463', '4298643c-6b68-4b2a-8527-029db9ec315a', 2100, 0.0, 0.0, 0, '受付', '2025-12-25', '2026-01-01', NOW(), NOW());
INSERT INTO "jobs" (id, "productName", "clientId", "platingTypeId", "jigId", quantity, "unitPrice", price, cost, status, "startDate", "deliveryDate", "createdAt", "updatedAt") VALUES ('a87d3ea2-f2ab-4942-954e-ec58fb77b937', '[東京鋲兼/45300039]-SUM24L NUT-GROUND の複製-1日必達治具数[値なし]', 'ae474612-ae78-49f9-887d-f2998460f81e', 'fed63f43-295e-4a5c-9282-c089268e3463', '4298643c-6b68-4b2a-8527-029db9ec315a', 2100, 0.0, 0.0, 0, '受付', '2025-12-25', '2026-01-01', NOW(), NOW());
INSERT INTO "jobs" (id, "productName", "clientId", "platingTypeId", "jigId", quantity, "unitPrice", price, cost, status, "startDate", "deliveryDate", "createdAt", "updatedAt") VALUES ('d9f28c1b-cbe0-4ba3-bbc6-58e539ecc568', '[ﾀｲｾｰﾃｸﾆｶ/41010743]-C441110201 ﾛｰﾗｰﾋﾟﾝ NL0237', 'cfcd9319-efa1-4e5f-b8b7-21806151ee53', '7702eb26-b8f3-4b47-9bd8-9eb444be358d', NULL, 0, 0.0, 0.0, 0, '受付', '2025-12-25', '2026-01-01', NOW(), NOW());
INSERT INTO "jobs" (id, "productName", "clientId", "platingTypeId", "jigId", quantity, "unitPrice", price, cost, status, "startDate", "deliveryDate", "createdAt", "updatedAt") VALUES ('ae87ef3b-0825-4efa-8b10-262e6ff96c2d', '[ﾀｲｾｰﾃｸﾆｶ/41010743]-C441110201 ﾛｰﾗｰﾋﾟﾝ NL0237 の複製-1日必達治具数[値なし]', 'cfcd9319-efa1-4e5f-b8b7-21806151ee53', '7702eb26-b8f3-4b47-9bd8-9eb444be358d', NULL, 0, 0.0, 0.0, 0, '受付', '2025-12-25', '2026-01-01', NOW(), NOW());
INSERT INTO "jobs" (id, "productName", "clientId", "platingTypeId", "jigId", quantity, "unitPrice", price, cost, status, "startDate", "deliveryDate", "createdAt", "updatedAt") VALUES ('5ef0c333-997a-441f-a50a-c90cd3c3ef4c', '[ﾀｲｾｰﾃｸﾆｶ/41010742]-C441110202 ﾛｰﾗｰﾋﾟﾝ NL0322', 'cfcd9319-efa1-4e5f-b8b7-21806151ee53', '7702eb26-b8f3-4b47-9bd8-9eb444be358d', NULL, 0, 0.0, 0.0, 0, '受付', '2025-12-25', '2026-01-01', NOW(), NOW());
INSERT INTO "jobs" (id, "productName", "clientId", "platingTypeId", "jigId", quantity, "unitPrice", price, cost, status, "startDate", "deliveryDate", "createdAt", "updatedAt") VALUES ('2f1e28bb-0616-4481-9033-0dbf3480a40f', '[ﾀｲｾｰﾃｸﾆｶ/41010742]-C441110202 ﾛｰﾗｰﾋﾟﾝ NL0322 の複製-1日必達治具数[値なし]', 'cfcd9319-efa1-4e5f-b8b7-21806151ee53', '7702eb26-b8f3-4b47-9bd8-9eb444be358d', NULL, 0, 0.0, 0.0, 0, '受付', '2025-12-25', '2026-01-01', NOW(), NOW());
INSERT INTO "jobs" (id, "productName", "clientId", "platingTypeId", "jigId", quantity, "unitPrice", price, cost, status, "startDate", "deliveryDate", "createdAt", "updatedAt") VALUES ('f7e76b07-51c2-443a-84e5-1e6d2b8bb3b4', '［武井製作所/41470023〕-212-500066T SOCKET本体（SH450LT)-1日必達治具数[値なし]', '432e8ecb-5024-4dc6-b115-3c17c1b50a3d', 'fed63f43-295e-4a5c-9282-c089268e3463', NULL, 326, 0.0, 0.0, 0, '受付', '2025-12-25', '2026-01-01', NOW(), NOW());
INSERT INTO "jobs" (id, "productName", "clientId", "platingTypeId", "jigId", quantity, "unitPrice", price, cost, status, "startDate", "deliveryDate", "createdAt", "updatedAt") VALUES ('3a7348cd-1296-46d2-9a07-9ae8c760dd47', '[ﾀｲｾｰﾃｸﾆｶ/41010585]-出口継手', 'cfcd9319-efa1-4e5f-b8b7-21806151ee53', 'f3d1fb08-b386-40de-9b25-b0bfeb843a71', NULL, 1500, 0.0, 0.0, 0, '受付', '2025-12-25', '2026-01-01', NOW(), NOW());
INSERT INTO "jobs" (id, "productName", "clientId", "platingTypeId", "jigId", quantity, "unitPrice", price, cost, status, "startDate", "deliveryDate", "createdAt", "updatedAt") VALUES ('90306ce4-143b-4281-bf8b-f5d808fbd66e', '[ﾀｶﾔﾏ/54030028]-TS4-0100B 油量計ふた', '887f9935-2621-4cd1-a470-4f301d94cafe', 'f3d1fb08-b386-40de-9b25-b0bfeb843a71', 'db376b62-9797-4211-b117-a0d0962beb9f', 5000, 0.0, 0.0, 0, '受付', '2025-12-25', '2026-01-01', NOW(), NOW());
INSERT INTO "jobs" (id, "productName", "clientId", "platingTypeId", "jigId", quantity, "unitPrice", price, cost, status, "startDate", "deliveryDate", "createdAt", "updatedAt") VALUES ('109ad6ef-bf48-4032-950f-9de77b69e00d', '[ﾀｶﾔﾏ/54030028]-TS4-0100B 油量計ふた の複製-1日必達治具数[値なし]', '887f9935-2621-4cd1-a470-4f301d94cafe', 'f3d1fb08-b386-40de-9b25-b0bfeb843a71', 'db376b62-9797-4211-b117-a0d0962beb9f', 5000, 0.0, 0.0, 0, '受付', '2025-12-25', '2026-01-01', NOW(), NOW());
INSERT INTO "jobs" (id, "productName", "clientId", "platingTypeId", "jigId", quantity, "unitPrice", price, cost, status, "startDate", "deliveryDate", "createdAt", "updatedAt") VALUES ('b711f61e-f5f8-4eb6-b40a-ac18911b5533', '[寺田金属/44090016]-φ9ﾛｰﾚｯﾄ', 'f0383b72-008b-4928-9405-d88465860c6b', 'f3d1fb08-b386-40de-9b25-b0bfeb843a71', '77bf3c9e-4a04-4a53-8760-b4a994eb37d4', 3000, 0.0, 0.0, 0, '受付', '2025-12-25', '2026-01-01', NOW(), NOW());
INSERT INTO "jobs" (id, "productName", "clientId", "platingTypeId", "jigId", quantity, "unitPrice", price, cost, status, "startDate", "deliveryDate", "createdAt", "updatedAt") VALUES ('f595b1eb-b6a7-4949-9c18-a3dff935ab95', '[寺田金属/44090016]-φ9ﾛｰﾚｯﾄ の複製-1日必達治具数[値なし]', 'f0383b72-008b-4928-9405-d88465860c6b', 'f3d1fb08-b386-40de-9b25-b0bfeb843a71', '77bf3c9e-4a04-4a53-8760-b4a994eb37d4', 3000, 0.0, 0.0, 0, '受付', '2025-12-25', '2026-01-01', NOW(), NOW());
INSERT INTO "jobs" (id, "productName", "clientId", "platingTypeId", "jigId", quantity, "unitPrice", price, cost, status, "startDate", "deliveryDate", "createdAt", "updatedAt") VALUES ('f65dff5f-f0cb-4126-950c-35a38b217d4f', '[中山製作所(千葉)/51110045]-板ﾊﾞﾈA', 'd44f64f7-5b4b-4bb6-a6ad-8ee9b7ec5244', '61f04ffc-8c75-46e2-9a11-ded19335317c', NULL, 0, 0.0, 0.0, 0, '受付', '2025-12-25', '2026-01-01', NOW(), NOW());
INSERT INTO "jobs" (id, "productName", "clientId", "platingTypeId", "jigId", quantity, "unitPrice", price, cost, status, "startDate", "deliveryDate", "createdAt", "updatedAt") VALUES ('a99d59ec-63c1-416a-b247-75ba342042d6', '[中山製作所(千葉)/51110009]-板ﾊﾞﾈB-1日必達治具数[値なし]-1日必達治具数[値なし]', 'd44f64f7-5b4b-4bb6-a6ad-8ee9b7ec5244', '61f04ffc-8c75-46e2-9a11-ded19335317c', 'ccfeb39e-c244-4ef5-a17a-59e9579da655', 2050, 0.0, 0.0, 0, '受付', '2025-12-25', '2026-01-01', NOW(), NOW());
INSERT INTO "jobs" (id, "productName", "clientId", "platingTypeId", "jigId", quantity, "unitPrice", price, cost, status, "startDate", "deliveryDate", "createdAt", "updatedAt") VALUES ('9afacceb-05e7-463e-b250-1882845336f7', '[中山製作所(千葉)/51110022]-板ﾊﾞﾈC', 'd44f64f7-5b4b-4bb6-a6ad-8ee9b7ec5244', '61f04ffc-8c75-46e2-9a11-ded19335317c', NULL, 0, 0.0, 0.0, 0, '受付', '2025-12-25', '2026-01-01', NOW(), NOW());
INSERT INTO "jobs" (id, "productName", "clientId", "platingTypeId", "jigId", quantity, "unitPrice", price, cost, status, "startDate", "deliveryDate", "createdAt", "updatedAt") VALUES ('37930112-6190-46ea-b1b9-60e996b158ef', '[中山製作所(千葉)/51110021]-可動鉄片ﾊﾞﾈ-1日必達治具数[値なし]', 'd44f64f7-5b4b-4bb6-a6ad-8ee9b7ec5244', '61f04ffc-8c75-46e2-9a11-ded19335317c', '368e772a-f38e-4f94-b687-9520c42f9fc5', 3480, 0.0, 0.0, 0, '受付', '2025-12-25', '2026-01-01', NOW(), NOW());
INSERT INTO "jobs" (id, "productName", "clientId", "platingTypeId", "jigId", quantity, "unitPrice", price, cost, status, "startDate", "deliveryDate", "createdAt", "updatedAt") VALUES ('239acb84-0b72-4b4d-8e7b-99e86323799d', '[ﾅﾍﾞ金属/51170037]-THA-8特注', '62432c6f-d05b-4e29-a922-1724173fa230', 'b407092d-322c-49e6-8c71-bf1b5002af50', NULL, 0, 0.0, 0.0, 0, '受付', '2025-12-25', '2026-01-01', NOW(), NOW());
INSERT INTO "jobs" (id, "productName", "clientId", "platingTypeId", "jigId", quantity, "unitPrice", price, cost, status, "startDate", "deliveryDate", "createdAt", "updatedAt") VALUES ('6ee4351e-6088-46b9-8350-b8fa2fb6e712', '[日光ばね/52060034]-天井埋め込みｾﾝｻｰ用ﾊﾞﾈ', '4a592853-5b2e-468e-9e13-8826e6322e7f', '06b4e57c-3cfe-418f-ac24-1e82ad426906', NULL, 0, 0.0, 0.0, 0, '受付', '2025-12-25', '2026-01-01', NOW(), NOW());
INSERT INTO "jobs" (id, "productName", "clientId", "platingTypeId", "jigId", quantity, "unitPrice", price, cost, status, "startDate", "deliveryDate", "createdAt", "updatedAt") VALUES ('b82f7d2b-b2f1-47ea-8187-8e5d26b7ad79', '[ﾈｽﾃｯｸ/54010007]-温圧計ｳｪﾙ65L-1日必達治具数[値なし]-1日必達治具数[値なし]', '3b72d6fd-bf78-459f-93c4-36e80cfc63d9', '61f04ffc-8c75-46e2-9a11-ded19335317c', NULL, 1500, 0.0, 0.0, 0, '受付', '2025-12-25', '2026-01-01', NOW(), NOW());
INSERT INTO "jobs" (id, "productName", "clientId", "platingTypeId", "jigId", quantity, "unitPrice", price, cost, status, "startDate", "deliveryDate", "createdAt", "updatedAt") VALUES ('49b7d1c1-f7e8-4b4c-b7f6-f59d27b2af04', '[ﾈｽﾃｯｸ/54010062]-温圧計ｽﾃﾑﾀﾝｸ芯-1日必達治具数[値なし]', '3b72d6fd-bf78-459f-93c4-36e80cfc63d9', '61f04ffc-8c75-46e2-9a11-ded19335317c', NULL, 1500, 0.0, 0.0, 0, '受付', '2025-12-25', '2026-01-01', NOW(), NOW());
INSERT INTO "jobs" (id, "productName", "clientId", "platingTypeId", "jigId", quantity, "unitPrice", price, cost, status, "startDate", "deliveryDate", "createdAt", "updatedAt") VALUES ('861e92be-12b3-43d5-95e5-8b4f217bedeb', '[ﾈｽﾃｯｸ/54010062]-温圧計ｽﾃﾑﾀﾝｸ芯 の複製', '3b72d6fd-bf78-459f-93c4-36e80cfc63d9', '61f04ffc-8c75-46e2-9a11-ded19335317c', NULL, 1500, 0.0, 0.0, 0, '受付', '2025-12-25', '2026-01-01', NOW(), NOW());
INSERT INTO "jobs" (id, "productName", "clientId", "platingTypeId", "jigId", quantity, "unitPrice", price, cost, status, "startDate", "deliveryDate", "createdAt", "updatedAt") VALUES ('000911ac-8b91-4965-98be-23a2a35b6050', '[ﾈｽﾃｯｸ/54010002]-温圧計ｳｪﾙ部品-1日必達治具数[値なし]-1日必達治具数[値なし]', '3b72d6fd-bf78-459f-93c4-36e80cfc63d9', '61f04ffc-8c75-46e2-9a11-ded19335317c', NULL, 2000, 0.0, 0.0, 0, '受付', '2025-12-25', '2026-01-01', NOW(), NOW());
INSERT INTO "jobs" (id, "productName", "clientId", "platingTypeId", "jigId", quantity, "unitPrice", price, cost, status, "startDate", "deliveryDate", "createdAt", "updatedAt") VALUES ('833f8eda-0484-4282-a281-2b2c731f6278', '[ﾈｽﾃｯｸ/54010011]-温圧計ｳｪﾙ100L', '3b72d6fd-bf78-459f-93c4-36e80cfc63d9', '61f04ffc-8c75-46e2-9a11-ded19335317c', NULL, 0, 0.0, 0.0, 0, '受付', '2025-12-25', '2026-01-01', NOW(), NOW());
INSERT INTO "jobs" (id, "productName", "clientId", "platingTypeId", "jigId", quantity, "unitPrice", price, cost, status, "startDate", "deliveryDate", "createdAt", "updatedAt") VALUES ('a7023619-02d8-43f2-86c7-5015094607cd', '[ﾈｽﾃｯｸ/54010063]-導圧管袋ﾅｯﾄG3/8', '3b72d6fd-bf78-459f-93c4-36e80cfc63d9', '61f04ffc-8c75-46e2-9a11-ded19335317c', NULL, 0, 0.0, 0.0, 0, '受付', '2025-12-25', '2026-01-01', NOW(), NOW());
INSERT INTO "jobs" (id, "productName", "clientId", "platingTypeId", "jigId", quantity, "unitPrice", price, cost, status, "startDate", "deliveryDate", "createdAt", "updatedAt") VALUES ('1afb4b16-b7a7-48ce-ba89-7323951627e0', '[ﾈｽﾃｯｸ/54010078]-温圧計 隔測用ﾘｰﾄﾞ出口-1日必達治具数[値なし]', '3b72d6fd-bf78-459f-93c4-36e80cfc63d9', '61f04ffc-8c75-46e2-9a11-ded19335317c', 'f287c746-db91-41a1-98e9-5eb9b4071afa', 1000, 0.0, 0.0, 0, '受付', '2025-12-25', '2026-01-01', NOW(), NOW());
INSERT INTO "jobs" (id, "productName", "clientId", "platingTypeId", "jigId", quantity, "unitPrice", price, cost, status, "startDate", "deliveryDate", "createdAt", "updatedAt") VALUES ('1e15afac-4cf4-44d1-aad9-d3234b374bee', '[ﾈｽﾃｯｸ/54010078]-温圧計 隔測用ﾘｰﾄﾞ出口 の複製', '3b72d6fd-bf78-459f-93c4-36e80cfc63d9', '61f04ffc-8c75-46e2-9a11-ded19335317c', 'f287c746-db91-41a1-98e9-5eb9b4071afa', 1000, 0.0, 0.0, 0, '受付', '2025-12-25', '2026-01-01', NOW(), NOW());
INSERT INTO "jobs" (id, "productName", "clientId", "platingTypeId", "jigId", quantity, "unitPrice", price, cost, status, "startDate", "deliveryDate", "createdAt", "updatedAt") VALUES ('5cbc83dd-483b-422f-933f-568ea6686fdc', '[ﾈｽﾃｯｸ/54010067］M18ｽﾃﾑﾘｰﾄﾞ取出口4用　-1日必達治具数[値なし]', '3b72d6fd-bf78-459f-93c4-36e80cfc63d9', '61f04ffc-8c75-46e2-9a11-ded19335317c', '5e25551e-4298-43c3-b5f1-7db74931d589', 1500, 0.0, 0.0, 0, '受付', '2025-12-25', '2026-01-01', NOW(), NOW());
INSERT INTO "jobs" (id, "productName", "clientId", "platingTypeId", "jigId", quantity, "unitPrice", price, cost, status, "startDate", "deliveryDate", "createdAt", "updatedAt") VALUES ('ca8c8369-fd2d-46ed-8acd-c60b4a922ed3', '[ﾈｽﾃｯｸ/54010028］設定針φ75用(小)-1日必達治具数[値なし]', '3b72d6fd-bf78-459f-93c4-36e80cfc63d9', '61f04ffc-8c75-46e2-9a11-ded19335317c', NULL, 2720, 0.0, 0.0, 0, '受付', '2025-12-25', '2026-01-01', NOW(), NOW());
INSERT INTO "jobs" (id, "productName", "clientId", "platingTypeId", "jigId", quantity, "unitPrice", price, cost, status, "startDate", "deliveryDate", "createdAt", "updatedAt") VALUES ('472cd156-77c0-41ab-8668-bdd68a82358c', '〔中山製作所(千葉)/51110039〕板ﾊﾞﾈD-1日必達治具数[値なし]', 'd44f64f7-5b4b-4bb6-a6ad-8ee9b7ec5244', '61f04ffc-8c75-46e2-9a11-ded19335317c', 'ccfeb39e-c244-4ef5-a17a-59e9579da655', 4100, 0.0, 0.0, 0, '受付', '2025-12-25', '2026-01-01', NOW(), NOW());
INSERT INTO "jobs" (id, "productName", "clientId", "platingTypeId", "jigId", quantity, "unitPrice", price, cost, status, "startDate", "deliveryDate", "createdAt", "updatedAt") VALUES ('4d061e18-aadd-470f-ad1d-d7a7d9721d5a', '[ﾊﾟｰﾂ精工営業/61130466]-0360513 3"用φ13ｼｬﾌﾄ-1日必達治具数[値なし]-1日必達治具数[値なし]-1日必達治具数[値なし]', 'b9126c2a-775d-4ef0-b8c5-6ac2f1fd008d', '06b4e57c-3cfe-418f-ac24-1e82ad426906', NULL, 1000, 80.0, 80000.0, 0, '受付', '2025-12-25', '2026-01-01', NOW(), NOW());
INSERT INTO "jobs" (id, "productName", "clientId", "platingTypeId", "jigId", quantity, "unitPrice", price, cost, status, "startDate", "deliveryDate", "createdAt", "updatedAt") VALUES ('9052f31c-6089-4423-bb5b-e5f92502450b', '[羽鳥産業/61030398]-0087-866 ｶﾞｽﾁｭｰﾌﾞ-1日必達治具数[値なし]', '2c8816ac-78ae-43b1-b41b-186f713cb9f4', 'cf944872-822c-4177-8e8c-427fb5169980', '504d6652-6eb8-43b0-a1e2-9531cb3ee937', 3200, 0.0, 0.0, 0, '受付', '2025-12-25', '2026-01-01', NOW(), NOW());
INSERT INTO "jobs" (id, "productName", "clientId", "platingTypeId", "jigId", quantity, "unitPrice", price, cost, status, "startDate", "deliveryDate", "createdAt", "updatedAt") VALUES ('34c028b8-6480-4bb9-a605-878a9dc4b7d5', '[羽鳥産業/61030265]-0331-001-1安全弁ﾎﾞﾃﾞｨ', '2c8816ac-78ae-43b1-b41b-186f713cb9f4', 'f3d1fb08-b386-40de-9b25-b0bfeb843a71', NULL, 3000, 0.0, 0.0, 0, '受付', '2025-12-25', '2026-01-01', NOW(), NOW());
INSERT INTO "jobs" (id, "productName", "clientId", "platingTypeId", "jigId", quantity, "unitPrice", price, cost, status, "startDate", "deliveryDate", "createdAt", "updatedAt") VALUES ('55f0b9a6-28e4-49bc-a940-f1d8e34e1032', '[羽鳥産業/61030265]-0331-001-1安全弁ﾎﾞﾃﾞｨ の複製-1日必達治具数[値なし]', '2c8816ac-78ae-43b1-b41b-186f713cb9f4', 'f3d1fb08-b386-40de-9b25-b0bfeb843a71', NULL, 3000, 0.0, 0.0, 0, '受付', '2025-12-25', '2026-01-01', NOW(), NOW());
INSERT INTO "jobs" (id, "productName", "clientId", "platingTypeId", "jigId", quantity, "unitPrice", price, cost, status, "startDate", "deliveryDate", "createdAt", "updatedAt") VALUES ('29d5a365-3aa7-4d40-aa55-a032db2a9fe0', '[羽鳥産業/61030452]-0087-945ﾘｺｲﾙﾛｯﾄﾞB', '2c8816ac-78ae-43b1-b41b-186f713cb9f4', '95ff63bd-9810-43cb-a27f-4d5481376b41', NULL, 0, 0.0, 0.0, 0, '受付', '2025-12-25', '2026-01-01', NOW(), NOW());
INSERT INTO "jobs" (id, "productName", "clientId", "platingTypeId", "jigId", quantity, "unitPrice", price, cost, status, "startDate", "deliveryDate", "createdAt", "updatedAt") VALUES ('ce90765c-360f-49df-a43f-2434456f73f3', '㈱ホクト/65020046〕-φ130*60', '57547d68-c115-408c-b0cd-69edb49f81e7', '7702eb26-b8f3-4b47-9bd8-9eb444be358d', NULL, 0, 0.0, 0.0, 0, '受付', '2025-12-25', '2026-01-01', NOW(), NOW());
INSERT INTO "jobs" (id, "productName", "clientId", "platingTypeId", "jigId", quantity, "unitPrice", price, cost, status, "startDate", "deliveryDate", "createdAt", "updatedAt") VALUES ('390d7864-8f60-43e3-a76e-f70b318bef68', '[羽鳥産業/61030634]-0211-775 S&W M327 R8MGﾑｰﾝｸﾘｯﾌﾟﾛｰﾃﾞｨﾝ', '2c8816ac-78ae-43b1-b41b-186f713cb9f4', '61f04ffc-8c75-46e2-9a11-ded19335317c', '1ae133b5-39b7-4a0a-b072-3e168884c658', 1863, 0.0, 0.0, 0, '受付', '2025-12-25', '2026-01-01', NOW(), NOW());
INSERT INTO "jobs" (id, "productName", "clientId", "platingTypeId", "jigId", quantity, "unitPrice", price, cost, status, "startDate", "deliveryDate", "createdAt", "updatedAt") VALUES ('f6aaeb03-ab5a-4cbe-beac-ac46e4c414da', '[羽鳥産業/61030337〕-0262-275 CZ75EHｲﾝﾅーﾊﾞﾚﾙ-1日必達治具数[値なし]', '2c8816ac-78ae-43b1-b41b-186f713cb9f4', 'e99dc1b4-691e-4aeb-9809-07d595306986', NULL, 1076, 0.0, 0.0, 0, '受付', '2025-12-25', '2026-01-01', NOW(), NOW());
INSERT INTO "jobs" (id, "productName", "clientId", "platingTypeId", "jigId", quantity, "unitPrice", price, cost, status, "startDate", "deliveryDate", "createdAt", "updatedAt") VALUES ('01849b74-510a-4fd1-9d99-760d1a373c14', '[羽鳥産業/61030364〕-0087-846 ﾛｯｷﾝｸﾞﾌﾟﾚｰﾄ-1日必達治具数[値なし]', '2c8816ac-78ae-43b1-b41b-186f713cb9f4', 'c8015af0-4a9d-47b6-a68b-c92b6c9affc0', NULL, 4547, 0.0, 0.0, 0, '受付', '2025-12-25', '2026-01-01', NOW(), NOW());
INSERT INTO "jobs" (id, "productName", "clientId", "platingTypeId", "jigId", quantity, "unitPrice", price, cost, status, "startDate", "deliveryDate", "createdAt", "updatedAt") VALUES ('6f4bfe89-4fd5-4cdb-8094-338787d04226', '「羽鳥産業/61030360〕-0087-844ﾘｱｻｲﾄｽｹｰﾙ-1日必達治具数[値なし]', '2c8816ac-78ae-43b1-b41b-186f713cb9f4', 'c8015af0-4a9d-47b6-a68b-c92b6c9affc0', NULL, 3600, 0.0, 0.0, 0, '受付', '2025-12-25', '2026-01-01', NOW(), NOW());
INSERT INTO "jobs" (id, "productName", "clientId", "platingTypeId", "jigId", quantity, "unitPrice", price, cost, status, "startDate", "deliveryDate", "createdAt", "updatedAt") VALUES ('a4865322-24d0-406c-8a6e-a0566f89ea07', '［羽鳥産業/61030367〕-0087845ﾘｱｻｲﾄｱﾝﾀﾞｰﾌﾟﾚｰﾄ-1日必達治具数[値なし]', '2c8816ac-78ae-43b1-b41b-186f713cb9f4', 'c8015af0-4a9d-47b6-a68b-c92b6c9affc0', NULL, 920, 0.0, 0.0, 0, '受付', '2025-12-25', '2026-01-01', NOW(), NOW());
INSERT INTO "jobs" (id, "productName", "clientId", "platingTypeId", "jigId", quantity, "unitPrice", price, cost, status, "startDate", "deliveryDate", "createdAt", "updatedAt") VALUES ('cc288c8e-0241-491f-a900-9bf5161b0e6a', '[羽鳥産業/61030376］-0250-063RCAｷｬｯﾌﾟ-1日必達治具数[値なし]', '2c8816ac-78ae-43b1-b41b-186f713cb9f4', '1d955e4f-6ac4-4f95-823b-ee59afdbf5e3', 'ccfeb39e-c244-4ef5-a17a-59e9579da655', 2000, 0.0, 0.0, 0, '受付', '2025-12-25', '2026-01-01', NOW(), NOW());
INSERT INTO "jobs" (id, "productName", "clientId", "platingTypeId", "jigId", quantity, "unitPrice", price, cost, status, "startDate", "deliveryDate", "createdAt", "updatedAt") VALUES ('8c1fa82f-7f64-4ffe-a043-0f7cf0ece778', '[三ヶ島製作所/72220012]-3000R 内板', '07cae073-d9a1-4675-9887-05402fc38d8b', 'f3d1fb08-b386-40de-9b25-b0bfeb843a71', NULL, 3000, 0.0, 0.0, 0, '受付', '2025-12-25', '2026-01-01', NOW(), NOW());
INSERT INTO "jobs" (id, "productName", "clientId", "platingTypeId", "jigId", quantity, "unitPrice", price, cost, status, "startDate", "deliveryDate", "createdAt", "updatedAt") VALUES ('696c2c67-4750-41ce-83ee-6b545c8dfde4', '[ﾐｻﾄ製作所/72010042]-GET0023C', '1667e9b0-191b-4680-9c36-24df64e5126b', '1d955e4f-6ac4-4f95-823b-ee59afdbf5e3', '8442bd3f-72c6-4987-ad92-967fa46b8132', 999, 0.0, 0.0, 0, '受付', '2025-12-25', '2026-01-01', NOW(), NOW());
INSERT INTO "jobs" (id, "productName", "clientId", "platingTypeId", "jigId", quantity, "unitPrice", price, cost, status, "startDate", "deliveryDate", "createdAt", "updatedAt") VALUES ('0241c3b5-e320-42db-8a50-8f6279c82827', '[山本工場/81320004]-MD0568-1日必達治具数[値なし]', '63452d6e-e941-4ba2-a7ba-e8d70409f523', 'fed63f43-295e-4a5c-9282-c089268e3463', NULL, 1002, 40.0, 40080.0, 0, '受付', '2025-12-25', '2026-01-01', NOW(), NOW());
INSERT INTO "jobs" (id, "productName", "clientId", "platingTypeId", "jigId", quantity, "unitPrice", price, cost, status, "startDate", "deliveryDate", "createdAt", "updatedAt") VALUES ('69eaa45e-9bc8-48fc-ba9d-099eaac58fcd', '[ﾕｰﾜ/82010302]-85-0919Pﾌﾞﾗｹｯﾄ', '9a45534c-0656-44b1-b2f4-bd23241d95e0', '61f04ffc-8c75-46e2-9a11-ded19335317c', '88babb9b-f56e-4522-803e-c72790062ee3', 0, 0.0, 0.0, 0, '受付', '2025-12-25', '2026-01-01', NOW(), NOW());
INSERT INTO "jobs" (id, "productName", "clientId", "platingTypeId", "jigId", quantity, "unitPrice", price, cost, status, "startDate", "deliveryDate", "createdAt", "updatedAt") VALUES ('b9b57602-6f69-4150-818d-c0dcc3819520', '[ﾕｰﾜ/82010302]-85-0919Pﾌﾞﾗｹｯﾄ の複製-1日必達治具数[値なし]-1日必達治具数[値なし]', '9a45534c-0656-44b1-b2f4-bd23241d95e0', '61f04ffc-8c75-46e2-9a11-ded19335317c', '88babb9b-f56e-4522-803e-c72790062ee3', 0, 0.0, 0.0, 0, '受付', '2025-12-25', '2026-01-01', NOW(), NOW());
INSERT INTO "jobs" (id, "productName", "clientId", "platingTypeId", "jigId", quantity, "unitPrice", price, cost, status, "startDate", "deliveryDate", "createdAt", "updatedAt") VALUES ('0adc817a-fe96-459b-a0d5-cb47728677b8', '[佑和工業/82140002]-ｱｲﾎﾞﾙﾄ-L', 'bc9d6ce1-03fd-424b-a8fb-71a759122b4e', '81bdd790-15cb-4b68-9532-e603cbf08193', '368e772a-f38e-4f94-b687-9520c42f9fc5', 15000, 0.0, 0.0, 0, '受付', '2025-12-25', '2026-01-01', NOW(), NOW());
INSERT INTO "jobs" (id, "productName", "clientId", "platingTypeId", "jigId", quantity, "unitPrice", price, cost, status, "startDate", "deliveryDate", "createdAt", "updatedAt") VALUES ('fe4e6e1a-a98f-45f4-9b6f-71fbc14f46e3', '[佑和工業/82140002]-ｱｲﾎﾞﾙﾄ-L の複製-1日必達治具数[値なし]', 'bc9d6ce1-03fd-424b-a8fb-71a759122b4e', '81bdd790-15cb-4b68-9532-e603cbf08193', '368e772a-f38e-4f94-b687-9520c42f9fc5', 15000, 0.0, 0.0, 0, '受付', '2025-12-25', '2026-01-01', NOW(), NOW());
INSERT INTO "jobs" (id, "productName", "clientId", "platingTypeId", "jigId", quantity, "unitPrice", price, cost, status, "startDate", "deliveryDate", "createdAt", "updatedAt") VALUES ('6a4157ad-6e21-43bf-8372-c48563d81c45', '[佑和工業/82140002]-ｱｲﾎﾞﾙﾄ-L の複製', 'bc9d6ce1-03fd-424b-a8fb-71a759122b4e', '81bdd790-15cb-4b68-9532-e603cbf08193', '368e772a-f38e-4f94-b687-9520c42f9fc5', 15000, 0.0, 0.0, 0, '受付', '2025-12-25', '2026-01-01', NOW(), NOW());
INSERT INTO "jobs" (id, "productName", "clientId", "platingTypeId", "jigId", quantity, "unitPrice", price, cost, status, "startDate", "deliveryDate", "createdAt", "updatedAt") VALUES ('32340d59-0932-4804-b7a5-15d57ec7a329', '[佑和工業/82140002]-ｱｲﾎﾞﾙﾄ-L の複製', 'bc9d6ce1-03fd-424b-a8fb-71a759122b4e', '81bdd790-15cb-4b68-9532-e603cbf08193', '368e772a-f38e-4f94-b687-9520c42f9fc5', 15000, 0.0, 0.0, 0, '受付', '2025-12-25', '2026-01-01', NOW(), NOW());
INSERT INTO "jobs" (id, "productName", "clientId", "platingTypeId", "jigId", quantity, "unitPrice", price, cost, status, "startDate", "deliveryDate", "createdAt", "updatedAt") VALUES ('0285dff1-4aa7-4f04-b379-c719de2e1e63', '[佑和工業/82140002]-ｱｲﾎﾞﾙﾄ-L の複製-1日必達治具数[値なし]-1日必達治具数[値なし]-1日必達治具数[値なし]', 'bc9d6ce1-03fd-424b-a8fb-71a759122b4e', '81bdd790-15cb-4b68-9532-e603cbf08193', '368e772a-f38e-4f94-b687-9520c42f9fc5', 15000, 0.0, 0.0, 0, '受付', '2025-12-25', '2026-01-01', NOW(), NOW());
INSERT INTO "jobs" (id, "productName", "clientId", "platingTypeId", "jigId", quantity, "unitPrice", price, cost, status, "startDate", "deliveryDate", "createdAt", "updatedAt") VALUES ('fce17c26-cffc-4aa9-a031-1e1361360b70', '[ﾕｰﾜ/82010076]-85-0230HAZ-1 銅管ﾛﾝｸﾞﾉｽﾞﾙ', '9a45534c-0656-44b1-b2f4-bd23241d95e0', '70096a3a-919f-4975-b02b-86b3aa2a2f6e', NULL, 0, 0.0, 0.0, 0, '受付', '2025-12-25', '2026-01-01', NOW(), NOW());
INSERT INTO "jobs" (id, "productName", "clientId", "platingTypeId", "jigId", quantity, "unitPrice", price, cost, status, "startDate", "deliveryDate", "createdAt", "updatedAt") VALUES ('bdb82266-a3a3-4dde-b2f6-ecd64bffbdac', '[ﾕｰﾜ/82010029］-15-0624Pｽﾗｲﾄﾞﾌﾟﾚｰﾄ　-1日必達治具数[値なし]-1日必達治具数[値なし]', '9a45534c-0656-44b1-b2f4-bd23241d95e0', 'f3d1fb08-b386-40de-9b25-b0bfeb843a71', '69240032-bc3c-49e1-9fe6-9417a8ba307d', 1050, 0.0, 0.0, 0, '受付', '2025-12-25', '2026-01-01', NOW(), NOW());
INSERT INTO "jobs" (id, "productName", "clientId", "platingTypeId", "jigId", quantity, "unitPrice", price, cost, status, "startDate", "deliveryDate", "createdAt", "updatedAt") VALUES ('97300937-fa93-45b7-b394-28b0073badce', 'ﾕｰﾜ/82010015- 15-0228Pｶﾗｰ　-1日必達治具数[値なし]-1日必達治具数[値なし]-1日必達治具数[値なし]-1日必達治具数[値なし]', '9a45534c-0656-44b1-b2f4-bd23241d95e0', 'f3d1fb08-b386-40de-9b25-b0bfeb843a71', NULL, 5000, 0.0, 0.0, 0, '受付', '2025-12-25', '2026-01-01', NOW(), NOW());
